{
	"credit": "Made with Blockbench",
	"ambientocclusion": false,
	"texture_size": [64, 32],
	"textures": {
		"4": "blocks/redmodel",
		"side": "blocks/bed_feet_side",
		"particle": "blocks/bed_feet_top",
		"top": "blocks/bed_feet_top",
		"bottom": "blocks/planks_oak"
	},
	"elements": [
		{
			"name": "Base",
			"from": [0, 3, 0],
			"to": [16, 5, 16],
			"faces": {
				"north": {"uv": [0, 10, 16, 12], "texture": "#bottom"},
				"east": {"uv": [0, 10, 16, 12], "texture": "#bottom"},
				"south": {"uv": [0, 0, 0, 0], "texture": "#bottom"},
				"west": {"uv": [0, 10, 16, 12], "texture": "#bottom"},
				"up": {"uv": [8, 16, 0, 0], "texture": "#bottom"},
				"down": {"uv": [16, 0, 8, 16], "texture": "#bottom"}
			}
		},
		{
			"name": "Base",
			"from": [0.5, 5, 0.5],
			"to": [15.5, 9.25, 16],
			"faces": {
				"east": {"uv": [0, 7, 16, 11], "texture": "#side"},
				"west": {"uv": [0, 7, 16, 11], "texture": "#side"},
				"up": {"uv": [8, 16, 0, 0], "texture": "#top"}
			}
		},
		{
			"from": [0, 11, 0],
			"to": [2, 12, 1],
			"rotation": {"angle": 0, "axis": "y", "origin": [0, 11, 0]},
			"faces": {
				"north": {"uv": [0.25, 2, 0.75, 2.5], "texture": "#bottom"},
				"east": {"uv": [0, 2, 0.25, 2.5], "texture": "#bottom"},
				"south": {"uv": [1, 2, 1.5, 2.5], "texture": "#bottom"},
				"west": {"uv": [0.75, 2, 1, 2.5], "texture": "#bottom"},
				"up": {"uv": [0.75, 2, 0, 1], "texture": "#bottom"}
			}
		},
		{
			"from": [14, 11, 0],
			"to": [16, 12, 1],
			"rotation": {"angle": 0, "axis": "y", "origin": [15, 11, 0]},
			"faces": {
				"north": {"uv": [4, 2, 4.5, 2.5], "texture": "#bottom"},
				"east": {"uv": [3.75, 2, 4, 2.5], "texture": "#bottom"},
				"south": {"uv": [4.75, 2, 5.25, 2.5], "texture": "#bottom"},
				"west": {"uv": [4.5, 2, 4.75, 2.5], "texture": "#bottom"},
				"up": {"uv": [4.5, 2, 4, 1.5], "texture": "#bottom"}
			}
		},
		{
			"from": [0, 5, 0],
			"to": [16, 11, 1],
			"rotation": {"angle": 0, "axis": "y", "origin": [-15, -7, -15]},
			"faces": {
				"north": {"uv": [0.7, 4, 8.7, 10], "texture": "#bottom"},
				"east": {"uv": [0.45, 4, 0.95, 10], "texture": "#bottom"},
				"south": {"uv": [4.95, 4, 12.95, 10], "texture": "#bottom"},
				"west": {"uv": [4.7, 4, 5.2, 10], "texture": "#bottom"},
				"up": {"uv": [4.7, 5, 0.7, 4.5], "texture": "#bottom"}
			}
		},
		{
			"name": "Leg L",
			"from": [14, 0, 0],
			"to": [16, 3, 2],
			"faces": {
				"north": {"uv": [0, 13, 2, 16], "texture": "#bottom"},
				"east": {"uv": [0, 13, 2, 16], "texture": "#bottom"},
				"south": {"uv": [0, 13, 2, 16], "texture": "#bottom"},
				"west": {"uv": [0, 13, 2, 16], "texture": "#bottom"},
				"up": {"uv": [0, 13, 0, 13], "texture": "#bottom"},
				"down": {"uv": [1, 15, 2, 16], "texture": "#bottom"}
			}
		},
		{
			"name": "Leg R",
			"from": [0, 0, 0],
			"to": [2, 3, 2],
			"faces": {
				"north": {"uv": [0, 13, 2, 16], "texture": "#bottom"},
				"east": {"uv": [0, 13, 2, 16], "texture": "#bottom"},
				"south": {"uv": [0, 13, 2, 16], "texture": "#bottom"},
				"west": {"uv": [0, 13, 2, 16], "texture": "#bottom"},
				"up": {"uv": [0, 13, 0, 13], "texture": "#bottom"},
				"down": {"uv": [2, 15, 1, 16], "texture": "#bottom"}
			}
		},
		{
			"name": "tail2",
			"from": [3.52748, 9.7999, 7.86481],
			"to": [3.92748, 10.1999, 11.06481],
			"rotation": {"angle": 22.5, "axis": "y", "origin": [8.33338, 10, 10]},
			"faces": {
				"north": {"uv": [6.975, 3.75, 6.725, 4], "rotation": 90, "texture": "#4"},
				"east": {"uv": [0.975, 4, 1.225, 6], "rotation": 270, "texture": "#4"},
				"south": {"uv": [1.225, 4, 0.975, 3.75], "rotation": 90, "texture": "#4"},
				"west": {"uv": [1.475, 4, 1.725, 6], "rotation": 90, "texture": "#4"},
				"up": {"uv": [1.225, 4, 1.475, 6], "rotation": 180, "texture": "#4"},
				"down": {"uv": [0.725, 4, 0.975, 6], "texture": "#4"}
			}
		},
		{
			"name": "tail",
			"from": [5.6845, 9.8, 13.75253],
			"to": [8.8845, 10.2, 14.15253],
			"rotation": {"angle": -22.5, "axis": "y", "origin": [8.33338, 10, 10]},
			"faces": {
				"north": {"uv": [0.225, 4, 0.475, 6], "rotation": 270, "texture": "#4"},
				"east": {"uv": [0.475, 4, 0.225, 3.75], "rotation": 90, "texture": "#4"},
				"south": {"uv": [0.725, 4, 0.975, 6], "rotation": 90, "texture": "#4"},
				"west": {"uv": [0.725, 3.75, 0.475, 4], "rotation": 90, "texture": "#4"},
				"up": {"uv": [0.475, 4, 0.725, 6], "rotation": 90, "texture": "#4"},
				"down": {"uv": [0.225, 4, 0.475, 6], "rotation": 90, "texture": "#4"}
			}
		},
		{
			"name": "back_right_leg",
			"from": [5.51966, 9.16, 11.89393],
			"to": [7.91966, 9.96, 12.69393],
			"rotation": {"angle": -22.5, "axis": "y", "origin": [8.33338, 10, 10]},
			"faces": {
				"north": {"uv": [2.475, 3.75, 2.975, 5.25], "rotation": 270, "texture": "#4"},
				"east": {"uv": [2.975, 3.75, 2.475, 3.25], "rotation": 90, "texture": "#4"},
				"south": {"uv": [3.475, 3.75, 3.975, 5.25], "rotation": 90, "texture": "#4"},
				"west": {"uv": [10.475, 2.8, 10.525, 2.9], "rotation": 90, "texture": "#4"},
				"up": {"uv": [2.975, 3.75, 3.475, 5.25], "rotation": 90, "texture": "#4"},
				"down": {"uv": [1.975, 3.75, 2.475, 5.25], "rotation": 90, "texture": "#4"}
			}
		},
		{
			"name": "back_left_leg",
			"from": [5.46408, 10.04, 9.05858],
			"to": [6.26408, 10.84, 11.45858],
			"rotation": {"angle": 22.5, "axis": "y", "origin": [8.33338, 10, 10]},
			"faces": {
				"north": {"uv": [10.475, 2.8, 10.525, 2.9], "rotation": 90, "texture": "#4"},
				"east": {"uv": [2.475, 3.75, 2.975, 5.25], "rotation": 270, "texture": "#4"},
				"south": {"uv": [2.975, 3.75, 2.475, 3.25], "rotation": 90, "texture": "#4"},
				"west": {"uv": [3.475, 3.75, 3.975, 5.25], "rotation": 90, "texture": "#4"},
				"up": {"uv": [2.975, 3.75, 3.475, 5.25], "rotation": 180, "texture": "#4"},
				"down": {"uv": [1.975, 3.75, 2.475, 5.25], "texture": "#4"}
			}
		},
		{
			"name": "front_right_leg",
			"from": [9.06373, 9.16, 7.38767],
			"to": [9.86373, 9.96, 11.38767],
			"rotation": {"angle": 22.5, "axis": "y", "origin": [8.33338, 10, 10]},
			"faces": {
				"north": {"uv": [10.475, 2.8, 10.525, 2.9], "rotation": 90, "texture": "#4"},
				"east": {"uv": [10.475, 0.5, 10.975, 3], "rotation": 270, "texture": "#4"},
				"south": {"uv": [10.975, 0.5, 10.475, 0], "rotation": 90, "texture": "#4"},
				"west": {"uv": [11.475, 0.5, 11.975, 3], "rotation": 90, "texture": "#4"},
				"up": {"uv": [10.975, 0.5, 11.475, 3], "rotation": 180, "texture": "#4"},
				"down": {"uv": [9.975, 0.5, 10.475, 3], "texture": "#4"}
			}
		},
		{
			"name": "front_left_leg",
			"from": [6.39018, 10.04, 8.13421],
			"to": [10.39018, 10.84, 8.93421],
			"rotation": {"angle": -45, "axis": "y", "origin": [8.33338, 10, 10]},
			"faces": {
				"north": {"uv": [10.475, 0.5, 10.975, 3], "rotation": 270, "texture": "#4"},
				"east": {"uv": [10.975, 0.5, 10.475, 0], "rotation": 90, "texture": "#4"},
				"south": {"uv": [11.475, 0.5, 11.975, 3], "rotation": 90, "texture": "#4"},
				"west": {"uv": [10.475, 2.8, 10.525, 2.9], "rotation": 90, "texture": "#4"},
				"up": {"uv": [10.975, 0.5, 11.475, 3], "rotation": 90, "texture": "#4"},
				"down": {"uv": [9.975, 0.5, 10.475, 3], "rotation": 90, "texture": "#4"}
			}
		},
		{
			"name": "body",
			"from": [8.03018, 9.2, 7.29421],
			"to": [10.43018, 10.8, 13.69421],
			"rotation": {"angle": -45, "axis": "y", "origin": [8.33338, 10, 10]},
			"faces": {
				"north": {"uv": [6.475, 0, 7.475, 1.5], "rotation": 270, "texture": "#4"},
				"east": {"uv": [9.975, 5.5, 8.975, 1.5], "rotation": 90, "texture": "#4"},
				"south": {"uv": [7.475, 0, 8.475, 1.5], "rotation": 90, "texture": "#4"},
				"west": {"uv": [7.475, 1.5, 6.475, 5.5], "rotation": 90, "texture": "#4"},
				"up": {"uv": [7.475, 1.5, 8.975, 5.5], "texture": "#4"},
				"down": {"uv": [4.975, 1.5, 6.475, 5.5], "rotation": 180, "texture": "#4"}
			}
		},
		{
			"name": "head",
			"from": [9.80783, 9, 6.39274],
			"to": [11.40783, 11, 8.39274],
			"rotation": {"angle": -22.5, "axis": "y", "origin": [8.33338, 10, 10]},
			"faces": {
				"north": {"uv": [1.225, 1.25, 2.475, 2.25], "rotation": 270, "texture": "#4"},
				"east": {"uv": [2.475, 1.25, 1.225, 0], "rotation": 90, "texture": "#4"},
				"south": {"uv": [3.725, 1.25, 4.975, 2.25], "rotation": 90, "texture": "#4"},
				"west": {"uv": [3.725, 0, 2.475, 1.25], "rotation": 90, "texture": "#4"},
				"up": {"uv": [2.475, 1.25, 3.725, 2.25], "rotation": 90, "texture": "#4"},
				"down": {"uv": [0.225, 1.25, 1.475, 2.25], "rotation": 90, "texture": "#4"}
			}
		},
		{
			"name": "head",
			"from": [9.81583, 9.4, 5.99274],
			"to": [10.61583, 10.6, 6.79274],
			"rotation": {"angle": -22.5, "axis": "y", "origin": [8.33338, 10, 10]},
			"faces": {
				"north": {"uv": [0.475, 6.5, 1.225, 7], "rotation": 270, "texture": "#4"},
				"east": {"uv": [1.225, 6.5, 0.475, 6], "rotation": 90, "texture": "#4"},
				"south": {"uv": [1.725, 6.5, 2.475, 7], "rotation": 90, "texture": "#4"},
				"west": {"uv": [1.975, 6, 1.225, 6.5], "rotation": 90, "texture": "#4"},
				"up": {"uv": [1.225, 6.5, 1.725, 7], "rotation": 90, "texture": "#4"},
				"down": {"uv": [0.225, 6.5, 0.725, 7], "rotation": 90, "texture": "#4"}
			}
		},
		{
			"name": "head",
			"from": [11.40783, 9.2, 7.59274],
			"to": [11.80783, 9.6, 8.39274],
			"rotation": {"angle": -22.5, "axis": "y", "origin": [8.33338, 10, 10]},
			"faces": {
				"north": {"uv": [0.475, 3, 0.725, 3.25], "rotation": 270, "texture": "#4"},
				"east": {"uv": [0.725, 3, 0.475, 2.5], "rotation": 90, "texture": "#4"},
				"south": {"uv": [1.225, 3, 1.475, 3.25], "rotation": 90, "texture": "#4"},
				"west": {"uv": [0.975, 2.5, 0.725, 3], "rotation": 90, "texture": "#4"},
				"up": {"uv": [0.725, 3, 1.225, 3.25], "rotation": 90, "texture": "#4"},
				"down": {"uv": [0.225, 3, 0.725, 3.25], "rotation": 90, "texture": "#4"}
			}
		},
		{
			"name": "head",
			"from": [11.40783, 10.4, 7.59274],
			"to": [11.80783, 10.8, 8.39274],
			"rotation": {"angle": -22.5, "axis": "y", "origin": [8.33338, 10, 10]},
			"faces": {
				"north": {"uv": [1.975, 3, 2.225, 3.25], "rotation": 270, "texture": "#4"},
				"east": {"uv": [2.225, 3, 1.975, 2.5], "rotation": 90, "texture": "#4"},
				"south": {"uv": [2.725, 3, 2.975, 3.25], "rotation": 90, "texture": "#4"},
				"west": {"uv": [2.475, 2.5, 2.225, 3], "rotation": 90, "texture": "#4"},
				"up": {"uv": [2.225, 3, 2.725, 3.25], "rotation": 90, "texture": "#4"},
				"down": {"uv": [1.475, 3, 1.975, 3.25], "rotation": 90, "texture": "#4"}
			}
		}
	],
	"groups": [
		0,
		1,
		2,
		3,
		4,
		5,
		6,
		{
			"name": "bone",
			"origin": [0.34019, -1.9, -1.26579],
			"color": 0,
			"children": [
				{
					"name": "tail2",
					"origin": [0.34019, -0.4, 7.73421],
					"color": 0,
					"children": [7]
				},
				{
					"name": "tail",
					"origin": [0.34019, 7.6, 7.73421],
					"color": 0,
					"children": [8]
				},
				{
					"name": "back_right_leg",
					"origin": [-0.75981, 4.1, 3.73421],
					"color": 0,
					"children": [9]
				},
				{
					"name": "back_left_leg",
					"origin": [1.44019, 4.1, 3.73421],
					"color": 0,
					"children": [10]
				},
				{
					"name": "front_right_leg",
					"origin": [-0.75981, 8.1, -6.26579],
					"color": 0,
					"children": [11]
				},
				{
					"name": "front_left_leg",
					"origin": [1.44019, 8.1, -6.26579],
					"color": 0,
					"children": [12]
				},
				{
					"name": "body",
					"origin": [0.34019, 10.2, -11.26579],
					"rotation": [-90, 0, 0],
					"color": 0,
					"children": [13]
				},
				{
					"name": "head",
					"origin": [0.34019, 7.1, -10.26579],
					"color": 0,
					"children": [14, 15, 16, 17]
				}
			]
		}
	]
}