{
  "credit": "Made with Blockbench",
  "textures": {
    "0": "blocks/tnt/tnt_bottom",
    "1": "blocks/tnt/tnt_side",
    "2": "blocks/tnt/tnt_top",
    "4": "blocks/tnt/tnt_wick",
    "particle": "blocks/tnt_bottom"
  },
  "elements": [
    {
      "from": [
        0,
        0,
        0
      ],
      "to": [
        16,
        16,
        16
      ],
      "faces": {
        "north": {
          "uv": [
            0,
            0,
            16,
            16
          ],
          "texture": "#1"
        },
        "east": {
          "uv": [
            0,
            0,
            16,
            16
          ],
          "texture": "#1"
        },
        "south": {
          "uv": [
            0,
            0,
            16,
            16
          ],
          "texture": "#1"
        },
        "west": {
          "uv": [
            0,
            0,
            16,
            16
          ],
          "texture": "#1"
        },
        "up": {
          "uv": [
            0,
            0,
            16,
            16
          ],
          "texture": "#2"
        },
        "down": {
          "uv": [
            0,
            0,
            16,
            16
          ],
          "texture": "#0"
        }
      }
    },
    {
      "from": [
        -0.25,
        5,
        -0.25
      ],
      "to": [
        16.25,
        11,
        16.25
      ],
      "rotation": {
        "angle": 0,
        "axis": "y",
        "origin": [
          -0.25,
          5,
          -0.25
        ]
      },
      "faces": {
        "north": {
          "uv": [
            0,
            5,
            16,
            11
          ],
          "texture": "#1"
        },
        "east": {
          "uv": [
            0,
            5,
            16,
            11
          ],
          "texture": "#1"
        },
        "south": {
          "uv": [
            0,
            5,
            16,
            11
          ],
          "texture": "#1"
        },
        "west": {
          "uv": [
            0,
            5,
            16,
            11
          ],
          "texture": "#1"
        },
        "up": {
          "uv": [
            0,
            5,
            16,
            11
          ],
          "texture": "#1"
        },
        "down": {
          "uv": [
            0,
            5,
            16,
            11
          ],
          "texture": "#1"
        }
      }
    },
    {
      "from": [
        10,
        15.6,
        4
      ],
      "to": [
        12,
        16.35,
        5
      ],
      "rotation": {
        "angle": 0,
        "axis": "y",
        "origin": [
          10,
          15.6,
          4
        ]
      },
      "faces": {
        "north": {
          "uv": [
            7,
            1,
            9,
            2
          ],
          "texture": "#4"
        },
        "east": {
          "uv": [
            7,
            10,
            8,
            11
          ],
          "texture": "#4"
        },
        "south": {
          "uv": [
            8,
            2,
            10,
            3
          ],
          "texture": "#4"
        },
        "west": {
          "uv": [
            10,
            7,
            11,
            8
          ],
          "texture": "#4"
        },
        "up": {
          "uv": [
            10,
            4,
            8,
            3
          ],
          "texture": "#4"
        },
        "down": {
          "uv": [
            10,
            4,
            8,
            5
          ],
          "texture": "#4"
        }
      }
    },
    {
      "from": [
        9,
        15.6,
        12
      ],
      "to": [
        11,
        16.35,
        13
      ],
      "rotation": {
        "angle": 0,
        "axis": "y",
        "origin": [
          9,
          15.6,
          12
        ]
      },
      "faces": {
        "north": {
          "uv": [
            8,
            5,
            10,
            6
          ],
          "texture": "#4"
        },
        "east": {
          "uv": [
            10,
            8,
            11,
            9
          ],
          "texture": "#4"
        },
        "south": {
          "uv": [
            8,
            7,
            10,
            8
          ],
          "texture": "#4"
        },
        "west": {
          "uv": [
            10,
            9,
            11,
            10
          ],
          "texture": "#4"
        },
        "up": {
          "uv": [
            10,
            9,
            8,
            8
          ],
          "texture": "#4"
        },
        "down": {
          "uv": [
            2,
            9,
            0,
            10
          ],
          "texture": "#4"
        }
      }
    },
    {
      "from": [
        8,
        15.6,
        6
      ],
      "to": [
        9,
        16.35,
        12
      ],
      "rotation": {
        "angle": 0,
        "axis": "y",
        "origin": [
          7,
          15.6,
          11
        ]
      },
      "faces": {
        "north": {
          "uv": [
            10,
            10,
            11,
            11
          ],
          "texture": "#4"
        },
        "east": {
          "uv": [
            2,
            2,
            8,
            3
          ],
          "texture": "#4"
        },
        "south": {
          "uv": [
            0,
            11,
            1,
            12
          ],
          "texture": "#4"
        },
        "west": {
          "uv": [
            2,
            3,
            8,
            4
          ],
          "texture": "#4"
        },
        "up": {
          "uv": [
            3,
            10,
            2,
            4
          ],
          "texture": "#4"
        },
        "down": {
          "uv": [
            4,
            4,
            3,
            10
          ],
          "texture": "#4"
        }
      }
    },
    {
      "from": [
        5,
        15.6,
        9
      ],
      "to": [
        6,
        16.35,
        11
      ],
      "rotation": {
        "angle": 0,
        "axis": "y",
        "origin": [
          4,
          15.6,
          11
        ]
      },
      "faces": {
        "north": {
          "uv": [
            1,
            11,
            2,
            12
          ],
          "texture": "#4"
        },
        "east": {
          "uv": [
            9,
            1,
            11,
            2
          ],
          "texture": "#4"
        },
        "south": {
          "uv": [
            11,
            1,
            12,
            2
          ],
          "texture": "#4"
        },
        "west": {
          "uv": [
            9,
            6,
            11,
            7
          ],
          "texture": "#4"
        },
        "up": {
          "uv": [
            9,
            11,
            8,
            9
          ],
          "texture": "#4"
        },
        "down": {
          "uv": [
            10,
            9,
            9,
            11
          ],
          "texture": "#4"
        }
      }
    },
    {
      "from": [
        7,
        15.6,
        7
      ],
      "to": [
        8,
        16.35,
        11
      ],
      "rotation": {
        "angle": 0,
        "axis": "y",
        "origin": [
          6,
          15.6,
          11
        ]
      },
      "faces": {
        "north": {
          "uv": [
            11,
            2,
            12,
            3
          ],
          "texture": "#4"
        },
        "east": {
          "uv": [
            4,
            4,
            8,
            5
          ],
          "texture": "#4"
        },
        "south": {
          "uv": [
            3,
            11,
            4,
            12
          ],
          "texture": "#4"
        },
        "west": {
          "uv": [
            4,
            5,
            8,
            6
          ],
          "texture": "#4"
        },
        "up": {
          "uv": [
            5,
            10,
            4,
            6
          ],
          "texture": "#4"
        },
        "down": {
          "uv": [
            6,
            6,
            5,
            10
          ],
          "texture": "#4"
        }
      }
    },
    {
      "from": [
        6,
        15.6,
        5
      ],
      "to": [
        7,
        16.35,
        12
      ],
      "rotation": {
        "angle": 0,
        "axis": "y",
        "origin": [
          6,
          15.6,
          11
        ]
      },
      "faces": {
        "north": {
          "uv": [
            11,
            3,
            12,
            4
          ],
          "texture": "#4"
        },
        "east": {
          "uv": [
            0,
            0,
            7,
            1
          ],
          "texture": "#4"
        },
        "south": {
          "uv": [
            4,
            11,
            5,
            12
          ],
          "texture": "#4"
        },
        "west": {
          "uv": [
            0,
            1,
            7,
            2
          ],
          "texture": "#4"
        },
        "up": {
          "uv": [
            1,
            9,
            0,
            2
          ],
          "texture": "#4"
        },
        "down": {
          "uv": [
            2,
            2,
            1,
            9
          ],
          "texture": "#4"
        }
      }
    },
    {
      "from": [
        12,
        15.6,
        5
      ],
      "to": [
        13,
        16.35,
        6
      ],
      "rotation": {
        "angle": 0,
        "axis": "y",
        "origin": [
          12,
          15.6,
          4
        ]
      },
      "faces": {
        "north": {
          "uv": [
            5,
            11,
            6,
            12
          ],
          "texture": "#4"
        },
        "east": {
          "uv": [
            6,
            11,
            7,
            12
          ],
          "texture": "#4"
        },
        "south": {
          "uv": [
            11,
            6,
            12,
            7
          ],
          "texture": "#4"
        },
        "west": {
          "uv": [
            7,
            11,
            8,
            12
          ],
          "texture": "#4"
        },
        "up": {
          "uv": [
            12,
            8,
            11,
            7
          ],
          "texture": "#4"
        },
        "down": {
          "uv": [
            9,
            11,
            8,
            12
          ],
          "texture": "#4"
        }
      }
    },
    {
      "from": [
        11,
        15.6,
        11
      ],
      "to": [
        12,
        16.35,
        12
      ],
      "rotation": {
        "angle": 0,
        "axis": "y",
        "origin": [
          11,
          15.6,
          10
        ]
      },
      "faces": {
        "north": {
          "uv": [
            11,
            8,
            12,
            9
          ],
          "texture": "#4"
        },
        "east": {
          "uv": [
            9,
            11,
            10,
            12
          ],
          "texture": "#4"
        },
        "south": {
          "uv": [
            11,
            9,
            12,
            10
          ],
          "texture": "#4"
        },
        "west": {
          "uv": [
            10,
            11,
            11,
            12
          ],
          "texture": "#4"
        },
        "up": {
          "uv": [
            12,
            11,
            11,
            10
          ],
          "texture": "#4"
        },
        "down": {
          "uv": [
            12,
            11,
            11,
            12
          ],
          "texture": "#4"
        }
      }
    },
    {
      "from": [
        12,
        15.6,
        9
      ],
      "to": [
        13,
        16.35,
        11
      ],
      "rotation": {
        "angle": 0,
        "axis": "y",
        "origin": [
          12,
          15.6,
          4
        ]
      },
      "faces": {
        "north": {
          "uv": [
            0,
            12,
            1,
            13
          ],
          "texture": "#4"
        },
        "east": {
          "uv": [
            0,
            10,
            2,
            11
          ],
          "texture": "#4"
        },
        "south": {
          "uv": [
            12,
            0,
            13,
            1
          ],
          "texture": "#4"
        },
        "west": {
          "uv": [
            10,
            0,
            12,
            1
          ],
          "texture": "#4"
        },
        "up": {
          "uv": [
            3,
            12,
            2,
            10
          ],
          "texture": "#4"
        },
        "down": {
          "uv": [
            11,
            2,
            10,
            4
          ],
          "texture": "#4"
        }
      }
    },
    {
      "from": [
        13,
        15.6,
        6
      ],
      "to": [
        14,
        16.35,
        9
      ],
      "rotation": {
        "angle": 0,
        "axis": "y",
        "origin": [
          13,
          15.6,
          5
        ]
      },
      "faces": {
        "north": {
          "uv": [
            1,
            12,
            2,
            13
          ],
          "texture": "#4"
        },
        "east": {
          "uv": [
            6,
            6,
            9,
            7
          ],
          "texture": "#4"
        },
        "south": {
          "uv": [
            12,
            1,
            13,
            2
          ],
          "texture": "#4"
        },
        "west": {
          "uv": [
            7,
            0,
            10,
            1
          ],
          "texture": "#4"
        },
        "up": {
          "uv": [
            7,
            10,
            6,
            7
          ],
          "texture": "#4"
        },
        "down": {
          "uv": [
            8,
            7,
            7,
            10
          ],
          "texture": "#4"
        }
      }
    },
    {
      "from": [
        9,
        15.6,
        3
      ],
      "to": [
        10,
        16.35,
        4
      ],
      "rotation": {
        "angle": 0,
        "axis": "y",
        "origin": [
          9,
          15.6,
          3
        ]
      },
      "faces": {
        "north": {
          "uv": [
            2,
            12,
            3,
            13
          ],
          "texture": "#4"
        },
        "east": {
          "uv": [
            12,
            2,
            13,
            3
          ],
          "texture": "#4"
        },
        "south": {
          "uv": [
            3,
            12,
            4,
            13
          ],
          "texture": "#4"
        },
        "west": {
          "uv": [
            12,
            3,
            13,
            4
          ],
          "texture": "#4"
        },
        "up": {
          "uv": [
            5,
            13,
            4,
            12
          ],
          "texture": "#4"
        },
        "down": {
          "uv": [
            13,
            4,
            12,
            5
          ],
          "texture": "#4"
        }
      }
    },
    {
      "from": [
        9,
        15.6,
        7
      ],
      "to": [
        10,
        16.35,
        8
      ],
      "rotation": {
        "angle": 0,
        "axis": "y",
        "origin": [
          9,
          15.6,
          7
        ]
      },
      "faces": {
        "north": {
          "uv": [
            5,
            12,
            6,
            13
          ],
          "texture": "#4"
        },
        "east": {
          "uv": [
            12,
            5,
            13,
            6
          ],
          "texture": "#4"
        },
        "south": {
          "uv": [
            6,
            12,
            7,
            13
          ],
          "texture": "#4"
        },
        "west": {
          "uv": [
            12,
            6,
            13,
            7
          ],
          "texture": "#4"
        },
        "up": {
          "uv": [
            8,
            13,
            7,
            12
          ],
          "texture": "#4"
        },
        "down": {
          "uv": [
            13,
            7,
            12,
            8
          ],
          "texture": "#4"
        }
      }
    },
    {
      "from": [
        10,
        15.6,
        6
      ],
      "to": [
        11,
        16.35,
        7
      ],
      "rotation": {
        "angle": 0,
        "axis": "y",
        "origin": [
          10,
          15.6,
          6
        ]
      },
      "faces": {
        "north": {
          "uv": [
            8,
            12,
            9,
            13
          ],
          "texture": "#4"
        },
        "east": {
          "uv": [
            12,
            8,
            13,
            9
          ],
          "texture": "#4"
        },
        "south": {
          "uv": [
            9,
            12,
            10,
            13
          ],
          "texture": "#4"
        },
        "west": {
          "uv": [
            12,
            9,
            13,
            10
          ],
          "texture": "#4"
        },
        "up": {
          "uv": [
            11,
            13,
            10,
            12
          ],
          "texture": "#4"
        },
        "down": {
          "uv": [
            13,
            10,
            12,
            11
          ],
          "texture": "#4"
        }
      }
    },
    {
      "from": [
        5,
        15.6,
        7
      ],
      "to": [
        6,
        16.35,
        8
      ],
      "rotation": {
        "angle": 0,
        "axis": "y",
        "origin": [
          5,
          15.6,
          7
        ]
      },
      "faces": {
        "north": {
          "uv": [
            11,
            12,
            12,
            13
          ],
          "texture": "#4"
        },
        "east": {
          "uv": [
            12,
            11,
            13,
            12
          ],
          "texture": "#4"
        },
        "south": {
          "uv": [
            12,
            12,
            13,
            13
          ],
          "texture": "#4"
        },
        "west": {
          "uv": [
            0,
            13,
            1,
            14
          ],
          "texture": "#4"
        },
        "up": {
          "uv": [
            14,
            1,
            13,
            0
          ],
          "texture": "#4"
        },
        "down": {
          "uv": [
            2,
            13,
            1,
            14
          ],
          "texture": "#4"
        }
      }
    },
    {
      "from": [
        5,
        15.6,
        5
      ],
      "to": [
        6,
        16.35,
        6
      ],
      "rotation": {
        "angle": 0,
        "axis": "y",
        "origin": [
          5,
          15.6,
          5
        ]
      },
      "faces": {
        "north": {
          "uv": [
            13,
            1,
            14,
            2
          ],
          "texture": "#4"
        },
        "east": {
          "uv": [
            2,
            13,
            3,
            14
          ],
          "texture": "#4"
        },
        "south": {
          "uv": [
            13,
            2,
            14,
            3
          ],
          "texture": "#4"
        },
        "west": {
          "uv": [
            3,
            13,
            4,
            14
          ],
          "texture": "#4"
        },
        "up": {
          "uv": [
            14,
            4,
            13,
            3
          ],
          "texture": "#4"
        },
        "down": {
          "uv": [
            5,
            13,
            4,
            14
          ],
          "texture": "#4"
        }
      }
    },
    {
      "from": [
        4,
        15.6,
        9
      ],
      "to": [
        5,
        16.35,
        10
      ],
      "rotation": {
        "angle": 0,
        "axis": "y",
        "origin": [
          4,
          15.6,
          9
        ]
      },
      "faces": {
        "north": {
          "uv": [
            13,
            4,
            14,
            5
          ],
          "texture": "#4"
        },
        "east": {
          "uv": [
            5,
            13,
            6,
            14
          ],
          "texture": "#4"
        },
        "south": {
          "uv": [
            13,
            5,
            14,
            6
          ],
          "texture": "#4"
        },
        "west": {
          "uv": [
            6,
            13,
            7,
            14
          ],
          "texture": "#4"
        },
        "up": {
          "uv": [
            14,
            7,
            13,
            6
          ],
          "texture": "#4"
        },
        "down": {
          "uv": [
            8,
            13,
            7,
            14
          ],
          "texture": "#4"
        }
      }
    },
    {
      "from": [
        4,
        15.6,
        11
      ],
      "to": [
        5,
        16.35,
        12
      ],
      "rotation": {
        "angle": 0,
        "axis": "y",
        "origin": [
          4,
          15.6,
          11
        ]
      },
      "faces": {
        "north": {
          "uv": [
            13,
            7,
            14,
            8
          ],
          "texture": "#4"
        },
        "east": {
          "uv": [
            8,
            13,
            9,
            14
          ],
          "texture": "#4"
        },
        "south": {
          "uv": [
            13,
            8,
            14,
            9
          ],
          "texture": "#4"
        },
        "west": {
          "uv": [
            9,
            13,
            10,
            14
          ],
          "texture": "#4"
        },
        "up": {
          "uv": [
            14,
            10,
            13,
            9
          ],
          "texture": "#4"
        },
        "down": {
          "uv": [
            11,
            13,
            10,
            14
          ],
          "texture": "#4"
        }
      }
    },
    {
      "from": [
        9,
        15.6,
        9
      ],
      "to": [
        10,
        16.35,
        10
      ],
      "rotation": {
        "angle": 0,
        "axis": "y",
        "origin": [
          9,
          15.6,
          9
        ]
      },
      "faces": {
        "north": {
          "uv": [
            13,
            10,
            14,
            11
          ],
          "texture": "#4"
        },
        "east": {
          "uv": [
            11,
            13,
            12,
            14
          ],
          "texture": "#4"
        },
        "south": {
          "uv": [
            13,
            11,
            14,
            12
          ],
          "texture": "#4"
        },
        "west": {
          "uv": [
            12,
            13,
            13,
            14
          ],
          "texture": "#4"
        },
        "up": {
          "uv": [
            14,
            13,
            13,
            12
          ],
          "texture": "#4"
        },
        "down": {
          "uv": [
            14,
            13,
            13,
            14
          ],
          "texture": "#4"
        }
      }
    },
    {
      "from": [
        7,
        15.6,
        2
      ],
      "to": [
        9,
        16.35,
        3
      ],
      "rotation": {
        "angle": 0,
        "axis": "y",
        "origin": [
          7,
          15.6,
          2
        ]
      },
      "faces": {
        "north": {
          "uv": [
            3,
            10,
            5,
            11
          ],
          "texture": "#4"
        },
        "east": {
          "uv": [
            0,
            14,
            1,
            15
          ],
          "texture": "#4"
        },
        "south": {
          "uv": [
            10,
            4,
            12,
            5
          ],
          "texture": "#4"
        },
        "west": {
          "uv": [
            14,
            0,
            15,
            1
          ],
          "texture": "#4"
        },
        "up": {
          "uv": [
            7,
            11,
            5,
            10
          ],
          "texture": "#4"
        },
        "down": {
          "uv": [
            12,
            5,
            10,
            6
          ],
          "texture": "#4"
        }
      }
    }
  ],
  "display": {
        "thirdperson": {
            "rotation": [ 10, -45, 170 ],
            "translation": [ 0, 1.5, -2.75 ],
            "scale": [ 0.375, 0.375, 0.375 ]
    }
  }
}